"Segundo","Hilo","Tipo","Nominal","Porcentaje","MHz","Uso"
"1,5","0,0","P","1300","266","3458","100"
"1,5","0,1","P","1300","266","3458","100"
"1,5","0,10","E","1300","327","4251","100"
"1,5","0,11","E","1300","327","4251","100"
"1,5","0,2","P","1300","266","3458","100"
"1,5","0,3","P","1300","266","3458","100"
"1,5","0,4","E","1300","327","4251","100"
"1,5","0,5","E","1300","327","4251","100"
"1,5","0,6","E","1300","327","4251","100"
"1,5","0,7","E","1300","327","4251","100"
"1,5","0,8","E","1300","327","4251","100"
"1,5","0,9","E","1300","327","4251","100"
"2,8","0,0","P","1300","265","3445","100"
"2,8","0,1","P","1300","265","3445","100"
"2,8","0,10","E","1300","325","4225","100"
"2,8","0,11","E","1300","325","4225","94"
"2,8","0,2","P","1300","265","3445","100"
"2,8","0,3","P","1300","265","3445","100"
"2,8","0,4","E","1300","325","4225","100"
"2,8","0,5","E","1300","325","4225","100"
"2,8","0,6","E","1300","325","4225","100"
"2,8","0,7","E","1300","325","4225","100"
"2,8","0,8","E","1300","325","4225","100"
"2,8","0,9","E","1300","325","4225","100"
"4,1","0,0","P","1300","247","3211","100"
"4,1","0,1","P","1300","247","3211","100"
"4,1","0,10","E","1300","314","4082","100"
"4,1","0,11","E","1300","314","4082","100"
"4,1","0,2","P","1300","247","3211","100"
"4,1","0,3","P","1300","247","3211","100"
"4,1","0,4","E","1300","313","4069","100"
"4,1","0,5","E","1300","313","4069","100"
"4,1","0,6","E","1300","313","4069","100"
"4,1","0,7","E","1300","313","4069","100"
"4,1","0,8","E","1300","314","4082","100"
"4,1","0,9","E","1300","314","4082","100"
"5,3","0,0","P","1300","220","2860","100"
"5,3","0,1","P","1300","220","2860","100"
"5,3","0,10","E","1300","292","3796","100"
"5,3","0,11","E","1300","292","3796","100"
"5,3","0,2","P","1300","221","2873","100"
"5,3","0,3","P","1300","221","2873","100"
"5,3","0,4","E","1300","289","3757","100"
"5,3","0,5","E","1300","289","3757","100"
"5,3","0,6","E","1300","289","3757","100"
"5,3","0,7","E","1300","289","3757","100"
"5,3","0,8","E","1300","292","3796","100"
"5,3","0,9","E","1300","292","3796","100"
"6,6","0,0","P","1300","223","2899","100"
"6,6","0,1","P","1300","223","2899","100"
"6,6","0,10","E","1300","295","3835","100"
"6,6","0,11","E","1300","295","3835","100"
"6,6","0,2","P","1300","223","2899","100"
"6,6","0,3","P","1300","223","2899","100"
"6,6","0,4","E","1300","290","3770","100"
"6,6","0,5","E","1300","290","3770","100"
"6,6","0,6","E","1300","290","3770","100"
"6,6","0,7","E","1300","290","3770","100"
"6,6","0,8","E","1300","295","3835","100"
"6,6","0,9","E","1300","295","3835","100"
"7,8","0,0","P","1300","199","2587","100"
"7,8","0,1","P","1300","199","2587","100"
"7,8","0,10","E","1300","269","3497","100"
"7,8","0,11","E","1300","269","3497","100"
"7,8","0,2","P","1300","199","2587","100"
"7,8","0,3","P","1300","199","2587","100"
"7,8","0,4","E","1300","270","3510","100"
"7,8","0,5","E","1300","270","3510","100"
"7,8","0,6","E","1300","270","3510","100"
"7,8","0,7","E","1300","270","3510","100"
"7,8","0,8","E","1300","269","3497","100"
"7,8","0,9","E","1300","269","3497","100"
"9,1","0,0","P","1300","203","2639","100"
"9,1","0,1","P","1300","203","2639","100"
"9,1","0,10","E","1300","276","3588","100"
"9,1","0,11","E","1300","276","3588","100"
"9,1","0,2","P","1300","203","2639","100"
"9,1","0,3","P","1300","203","2639","100"
"9,1","0,4","E","1300","276","3588","100"
"9,1","0,5","E","1300","276","3588","100"
"9,1","0,6","E","1300","276","3588","100"
"9,1","0,7","E","1300","276","3588","100"
"9,1","0,8","E","1300","276","3588","100"
"9,1","0,9","E","1300","276","3588","100"
"10,4","0,0","P","1300","197","2561","100"
"10,4","0,1","P","1300","197","2561","100"
"10,4","0,10","E","1300","267","3471","100"
"10,4","0,11","E","1300","267","3471","100"
"10,4","0,2","P","1300","197","2561","100"
"10,4","0,3","P","1300","197","2561","100"
"10,4","0,4","E","1300","267","3471","100"
"10,4","0,5","E","1300","267","3471","100"
"10,4","0,6","E","1300","267","3471","100"
"10,4","0,7","E","1300","267","3471","100"
"10,4","0,8","E","1300","267","3471","100"
"10,4","0,9","E","1300","267","3471","100"
"11,7","0,0","P","1300","182","2366","100"
"11,7","0,1","P","1300","182","2366","100"
"11,7","0,10","E","1300","256","3328","100"
"11,7","0,11","E","1300","256","3328","100"
"11,7","0,2","P","1300","181","2353","100"
"11,7","0,3","P","1300","181","2353","100"
"11,7","0,4","E","1300","256","3328","100"
"11,7","0,5","E","1300","256","3328","100"
"11,7","0,6","E","1300","256","3328","100"
"11,7","0,7","E","1300","256","3328","100"
"11,7","0,8","E","1300","256","3328","100"
"11,7","0,9","E","1300","256","3328","100"
"13","0,0","P","1300","206","2678","100"
"13","0,1","P","1300","206","2678","100"
"13","0,10","E","1300","279","3627","100"
"13","0,11","E","1300","279","3627","100"
"13","0,2","P","1300","206","2678","100"
"13","0,3","P","1300","206","2678","100"
"13","0,4","E","1300","278","3614","100"
"13","0,5","E","1300","278","3614","100"
"13","0,6","E","1300","278","3614","100"
"13","0,7","E","1300","278","3614","100"
"13","0,8","E","1300","279","3627","100"
"13","0,9","E","1300","279","3627","100"
"14,2","0,0","P","1300","189","2457","100"
"14,2","0,1","P","1300","189","2457","100"
"14,2","0,10","E","1300","264","3432","100"
"14,2","0,11","E","1300","264","3432","100"
"14,2","0,2","P","1300","189","2457","100"
"14,2","0,3","P","1300","189","2457","100"
"14,2","0,4","E","1300","264","3432","100"
"14,2","0,5","E","1300","264","3432","100"
"14,2","0,6","E","1300","264","3432","100"
"14,2","0,7","E","1300","264","3432","100"
"14,2","0,8","E","1300","264","3432","100"
"14,2","0,9","E","1300","264","3432","100"
"15,5","0,0","P","1300","178","2314","100"
"15,5","0,1","P","1300","178","2314","100"
"15,5","0,10","E","1300","252","3276","100"
"15,5","0,11","E","1300","252","3276","100"
"15,5","0,2","P","1300","178","2314","100"
"15,5","0,3","P","1300","178","2314","100"
"15,5","0,4","E","1300","253","3289","100"
"15,5","0,5","E","1300","253","3289","100"
"15,5","0,6","E","1300","253","3289","100"
"15,5","0,7","E","1300","253","3289","100"
"15,5","0,8","E","1300","252","3276","100"
"15,5","0,9","E","1300","252","3276","100"
"16,8","0,0","P","1300","192","2496","100"
"16,8","0,1","P","1300","192","2496","100"
"16,8","0,10","E","1300","257","3341","100"
"16,8","0,11","E","1300","257","3341","100"
"16,8","0,2","P","1300","192","2496","100"
"16,8","0,3","P","1300","192","2496","100"
"16,8","0,4","E","1300","266","3458","100"
"16,8","0,5","E","1300","266","3458","100"
"16,8","0,6","E","1300","266","3458","100"
"16,8","0,7","E","1300","266","3458","100"
"16,8","0,8","E","1300","257","3341","100"
"16,8","0,9","E","1300","257","3341","100"
"18,1","0,0","P","1300","188","2444","100"
"18,1","0,1","P","1300","188","2444","100"
"18,1","0,10","E","1300","264","3432","100"
"18,1","0,11","E","1300","264","3432","100"
"18,1","0,2","P","1300","189","2457","100"
"18,1","0,3","P","1300","189","2457","100"
"18,1","0,4","E","1300","263","3419","100"
"18,1","0,5","E","1300","263","3419","100"
"18,1","0,6","E","1300","263","3419","100"
"18,1","0,7","E","1300","263","3419","100"
"18,1","0,8","E","1300","264","3432","100"
"18,1","0,9","E","1300","264","3432","100"
"19,3","0,0","P","1300","181","2353","100"
"19,3","0,1","P","1300","181","2353","100"
"19,3","0,10","E","1300","256","3328","100"
"19,3","0,11","E","1300","256","3328","100"
"19,3","0,2","P","1300","181","2353","100"
"19,3","0,3","P","1300","181","2353","100"
"19,3","0,4","E","1300","257","3341","100"
"19,3","0,5","E","1300","257","3341","100"
"19,3","0,6","E","1300","257","3341","100"
"19,3","0,7","E","1300","257","3341","100"
"19,3","0,8","E","1300","256","3328","100"
"19,3","0,9","E","1300","256","3328","100"
"20,6","0,0","P","1300","197","2561","100"
"20,6","0,1","P","1300","197","2561","100"
"20,6","0,10","E","1300","270","3510","100"
"20,6","0,11","E","1300","270","3510","100"
"20,6","0,2","P","1300","197","2561","100"
"20,6","0,3","P","1300","197","2561","100"
"20,6","0,4","E","1300","270","3510","100"
"20,6","0,5","E","1300","270","3510","100"
"20,6","0,6","E","1300","270","3510","100"
"20,6","0,7","E","1300","270","3510","100"
"20,6","0,8","E","1300","270","3510","100"
"20,6","0,9","E","1300","270","3510","100"
"21,9","0,0","P","1300","183","2379","100"
"21,9","0,1","P","1300","183","2379","100"
"21,9","0,10","E","1300","257","3341","100"
"21,9","0,11","E","1300","257","3341","100"
"21,9","0,2","P","1300","183","2379","100"
"21,9","0,3","P","1300","183","2379","100"
"21,9","0,4","E","1300","258","3354","100"
"21,9","0,5","E","1300","258","3354","100"
"21,9","0,6","E","1300","258","3354","100"
"21,9","0,7","E","1300","258","3354","100"
"21,9","0,8","E","1300","257","3341","100"
"21,9","0,9","E","1300","257","3341","100"
"23,2","0,0","P","1300","180","2340","100"
"23,2","0,1","P","1300","180","2340","100"
"23,2","0,10","E","1300","253","3289","100"
"23,2","0,11","E","1300","253","3289","100"
"23,2","0,2","P","1300","180","2340","100"
"23,2","0,3","P","1300","180","2340","100"
"23,2","0,4","E","1300","254","3302","100"
"23,2","0,5","E","1300","254","3302","100"
"23,2","0,6","E","1300","254","3302","100"
"23,2","0,7","E","1300","254","3302","100"
"23,2","0,8","E","1300","253","3289","100"
"23,2","0,9","E","1300","253","3289","100"
"24,5","0,0","P","1300","181","2353","100"
"24,5","0,1","P","1300","181","2353","100"
"24,5","0,10","E","1300","256","3328","100"
"24,5","0,11","E","1300","256","3328","100"
"24,5","0,2","P","1300","181","2353","100"
"24,5","0,3","P","1300","181","2353","100"
"24,5","0,4","E","1300","257","3341","100"
"24,5","0,5","E","1300","257","3341","100"
"24,5","0,6","E","1300","257","3341","100"
"24,5","0,7","E","1300","257","3341","100"
"24,5","0,8","E","1300","256","3328","100"
"24,5","0,9","E","1300","256","3328","100"
"25,7","0,0","P","1300","184","2392","100"
"25,7","0,1","P","1300","184","2392","100"
"25,7","0,10","E","1300","257","3341","100"
"25,7","0,11","E","1300","258","3354","100"
"25,7","0,2","P","1300","184","2392","100"
"25,7","0,3","P","1300","184","2392","100"
"25,7","0,4","E","1300","259","3367","100"
"25,7","0,5","E","1300","259","3367","100"
"25,7","0,6","E","1300","259","3367","100"
"25,7","0,7","E","1300","259","3367","100"
"25,7","0,8","E","1300","257","3341","100"
"25,7","0,9","E","1300","257","3341","100"
"27","0,0","P","1300","177","2301","100"
"27","0,1","P","1300","177","2301","100"
"27","0,10","E","1300","251","3263","100"
"27","0,11","E","1300","251","3263","100"
"27","0,2","P","1300","177","2301","100"
"27","0,3","P","1300","177","2301","100"
"27","0,4","E","1300","251","3263","100"
"27","0,5","E","1300","251","3263","100"
"27","0,6","E","1300","251","3263","100"
"27","0,7","E","1300","251","3263","100"
"27","0,8","E","1300","251","3263","100"
"27","0,9","E","1300","251","3263","100"
"28,2","0,0","P","1300","184","2392","100"
"28,2","0,1","P","1300","184","2392","100"
"28,2","0,10","E","1300","260","3380","100"
"28,2","0,11","E","1300","260","3380","100"
"28,2","0,2","P","1300","184","2392","100"
"28,2","0,3","P","1300","184","2392","100"
"28,2","0,4","E","1300","260","3380","100"
"28,2","0,5","E","1300","260","3380","100"
"28,2","0,6","E","1300","260","3380","100"
"28,2","0,7","E","1300","260","3380","100"
"28,2","0,8","E","1300","260","3380","100"
"28,2","0,9","E","1300","260","3380","100"
"29,5","0,0","P","1300","182","2366","100"
"29,5","0,1","P","1300","182","2366","100"
"29,5","0,10","E","1300","255","3315","100"
"29,5","0,11","E","1300","255","3315","100"
"29,5","0,2","P","1300","183","2379","100"
"29,5","0,3","P","1300","183","2379","100"
"29,5","0,4","E","1300","255","3315","100"
"29,5","0,5","E","1300","255","3315","100"
"29,5","0,6","E","1300","255","3315","100"
"29,5","0,7","E","1300","255","3315","100"
"29,5","0,8","E","1300","255","3315","100"
"29,5","0,9","E","1300","255","3315","100"
"30,8","0,0","P","1300","175","2275","100"
"30,8","0,1","P","1300","175","2275","100"
"30,8","0,10","E","1300","247","3211","100"
"30,8","0,11","E","1300","247","3211","100"
"30,8","0,2","P","1300","175","2275","100"
"30,8","0,3","P","1300","175","2275","100"
"30,8","0,4","E","1300","247","3211","100"
"30,8","0,5","E","1300","247","3211","100"
"30,8","0,6","E","1300","247","3211","100"
"30,8","0,7","E","1300","247","3211","100"
"30,8","0,8","E","1300","247","3211","100"
"30,8","0,9","E","1300","247","3211","100"
"32","0,0","P","1300","184","2392","100"
"32","0,1","P","1300","184","2392","100"
"32","0,10","E","1300","261","3393","100"
"32","0,11","E","1300","261","3393","100"
"32","0,2","P","1300","184","2392","100"
"32","0,3","P","1300","184","2392","100"
"32","0,4","E","1300","260","3380","100"
"32","0,5","E","1300","260","3380","100"
"32","0,6","E","1300","260","3380","100"
"32","0,7","E","1300","260","3380","100"
"32","0,8","E","1300","261","3393","100"
"32","0,9","E","1300","261","3393","100"
"33,3","0,0","P","1300","187","2431","100"
"33,3","0,1","P","1300","187","2431","100"
"33,3","0,10","E","1300","261","3393","100"
"33,3","0,11","E","1300","261","3393","100"
"33,3","0,2","P","1300","187","2431","100"
"33,3","0,3","P","1300","187","2431","100"
"33,3","0,4","E","1300","262","3406","100"
"33,3","0,5","E","1300","262","3406","100"
"33,3","0,6","E","1300","262","3406","100"
"33,3","0,7","E","1300","262","3406","100"
"33,3","0,8","E","1300","261","3393","100"
"33,3","0,9","E","1300","261","3393","100"
"34,5","0,0","P","1300","175","2275","100"
"34,5","0,1","P","1300","175","2275","100"
"34,5","0,10","E","1300","247","3211","100"
"34,5","0,11","E","1300","247","3211","100"
"34,5","0,2","P","1300","176","2288","100"
"34,5","0,3","P","1300","176","2288","100"
"34,5","0,4","E","1300","248","3224","100"
"34,5","0,5","E","1300","248","3224","100"
"34,5","0,6","E","1300","248","3224","100"
"34,5","0,7","E","1300","248","3224","100"
"34,5","0,8","E","1300","247","3211","100"
"34,5","0,9","E","1300","247","3211","100"
"35,8","0,0","P","1300","175","2275","100"
"35,8","0,1","P","1300","175","2275","100"
"35,8","0,10","E","1300","247","3211","100"
"35,8","0,11","E","1300","247","3211","100"
"35,8","0,2","P","1300","175","2275","100"
"35,8","0,3","P","1300","175","2275","100"
"35,8","0,4","E","1300","247","3211","100"
"35,8","0,5","E","1300","247","3211","100"
"35,8","0,6","E","1300","247","3211","100"
"35,8","0,7","E","1300","247","3211","100"
"35,8","0,8","E","1300","247","3211","100"
"35,8","0,9","E","1300","247","3211","100"
"37,1","0,0","P","1300","186","2418","100"
"37,1","0,1","P","1300","186","2418","100"
"37,1","0,10","E","1300","263","3419","100"
"37,1","0,11","E","1300","263","3419","100"
"37,1","0,2","P","1300","186","2418","100"
"37,1","0,3","P","1300","186","2418","100"
"37,1","0,4","E","1300","263","3419","100"
"37,1","0,5","E","1300","263","3419","100"
"37,1","0,6","E","1300","263","3419","100"
"37,1","0,7","E","1300","263","3419","100"
"37,1","0,8","E","1300","263","3419","100"
"37,1","0,9","E","1300","263","3419","100"
"38,4","0,0","P","1300","180","2340","100"
"38,4","0,1","P","1300","180","2340","100"
"38,4","0,10","E","1300","253","3289","100"
"38,4","0,11","E","1300","253","3289","100"
"38,4","0,2","P","1300","180","2340","100"
"38,4","0,3","P","1300","180","2340","100"
"38,4","0,4","E","1300","254","3302","100"
"38,4","0,5","E","1300","254","3302","100"
"38,4","0,6","E","1300","254","3302","100"
"38,4","0,7","E","1300","254","3302","100"
"38,4","0,8","E","1300","253","3289","100"
"38,4","0,9","E","1300","253","3289","100"
"39,7","0,0","P","1300","175","2275","100"
"39,7","0,1","P","1300","175","2275","100"
"39,7","0,10","E","1300","247","3211","100"
"39,7","0,11","E","1300","247","3211","100"
"39,7","0,2","P","1300","175","2275","100"
"39,7","0,3","P","1300","175","2275","100"
"39,7","0,4","E","1300","248","3224","100"
"39,7","0,5","E","1300","248","3224","100"
"39,7","0,6","E","1300","248","3224","100"
"39,7","0,7","E","1300","248","3224","100"
"39,7","0,8","E","1300","247","3211","100"
"39,7","0,9","E","1300","247","3211","100"
"40,9","0,0","P","1300","175","2275","100"
"40,9","0,1","P","1300","175","2275","100"
"40,9","0,10","E","1300","246","3198","100"
"40,9","0,11","E","1300","246","3198","100"
"40,9","0,2","P","1300","175","2275","100"
"40,9","0,3","P","1300","175","2275","100"
"40,9","0,4","E","1300","246","3198","100"
"40,9","0,5","E","1300","246","3198","100"
"40,9","0,6","E","1300","246","3198","100"
"40,9","0,7","E","1300","246","3198","100"
"40,9","0,8","E","1300","246","3198","100"
"40,9","0,9","E","1300","246","3198","100"
"42,2","0,0","P","1300","184","2392","100"
"42,2","0,1","P","1300","184","2392","100"
"42,2","0,10","E","1300","259","3367","100"
"42,2","0,11","E","1300","259","3367","100"
"42,2","0,2","P","1300","184","2392","100"
"42,2","0,3","P","1300","184","2392","100"
"42,2","0,4","E","1300","260","3380","100"
"42,2","0,5","E","1300","260","3380","100"
"42,2","0,6","E","1300","260","3380","100"
"42,2","0,7","E","1300","260","3380","100"
"42,2","0,8","E","1300","259","3367","100"
"42,2","0,9","E","1300","259","3367","100"
"43,5","0,0","P","1300","178","2314","100"
"43,5","0,1","P","1300","178","2314","100"
"43,5","0,10","E","1300","251","3263","100"
"43,5","0,11","E","1300","251","3263","100"
"43,5","0,2","P","1300","178","2314","100"
"43,5","0,3","P","1300","178","2314","100"
"43,5","0,4","E","1300","251","3263","100"
"43,5","0,5","E","1300","251","3263","100"
"43,5","0,6","E","1300","251","3263","100"
"43,5","0,7","E","1300","251","3263","100"
"43,5","0,8","E","1300","251","3263","100"
"43,5","0,9","E","1300","251","3263","100"
"44,8","0,0","P","1300","176","2288","100"
"44,8","0,1","P","1300","176","2288","100"
"44,8","0,10","E","1300","248","3224","100"
"44,8","0,11","E","1300","248","3224","100"
"44,8","0,2","P","1300","176","2288","100"
"44,8","0,3","P","1300","176","2288","100"
"44,8","0,4","E","1300","248","3224","100"
"44,8","0,5","E","1300","248","3224","100"
"44,8","0,6","E","1300","248","3224","100"
"44,8","0,7","E","1300","248","3224","100"
"44,8","0,8","E","1300","248","3224","100"
"44,8","0,9","E","1300","248","3224","100"
"46","0,0","P","1300","175","2275","100"
"46","0,1","P","1300","175","2275","100"
"46","0,10","E","1300","247","3211","100"
"46","0,11","E","1300","247","3211","100"
"46","0,2","P","1300","175","2275","100"
"46","0,3","P","1300","175","2275","100"
"46","0,4","E","1300","247","3211","100"
"46","0,5","E","1300","247","3211","100"
"46","0,6","E","1300","247","3211","100"
"46","0,7","E","1300","247","3211","100"
"46","0,8","E","1300","247","3211","100"
"46","0,9","E","1300","247","3211","100"
"47,4","0,0","P","1300","175","2275","100"
"47,4","0,1","P","1300","175","2275","100"
"47,4","0,10","E","1300","246","3198","100"
"47,4","0,11","E","1300","246","3198","100"
"47,4","0,2","P","1300","175","2275","100"
"47,4","0,3","P","1300","175","2275","100"
"47,4","0,4","E","1300","247","3211","100"
"47,4","0,5","E","1300","247","3211","100"
"47,4","0,6","E","1300","247","3211","100"
"47,4","0,7","E","1300","247","3211","100"
"47,4","0,8","E","1300","246","3198","100"
"47,4","0,9","E","1300","246","3198","100"
"48,6","0,0","P","1300","190","2470","100"
"48,6","0,1","P","1300","190","2470","100"
"48,6","0,10","E","1300","266","3458","100"
"48,6","0,11","E","1300","266","3458","100"
"48,6","0,2","P","1300","190","2470","100"
"48,6","0,3","P","1300","190","2470","100"
"48,6","0,4","E","1300","266","3458","100"
"48,6","0,5","E","1300","266","3458","100"
"48,6","0,6","E","1300","266","3458","100"
"48,6","0,7","E","1300","267","3471","100"
"48,6","0,8","E","1300","266","3458","100"
"48,6","0,9","E","1300","266","3458","100"
"49,9","0,0","P","1300","181","2353","100"
"49,9","0,1","P","1300","181","2353","100"
"49,9","0,10","E","1300","254","3302","100"
"49,9","0,11","E","1300","254","3302","100"
"49,9","0,2","P","1300","181","2353","100"
"49,9","0,3","P","1300","181","2353","100"
"49,9","0,4","E","1300","255","3315","100"
"49,9","0,5","E","1300","255","3315","100"
"49,9","0,6","E","1300","255","3315","100"
"49,9","0,7","E","1300","255","3315","100"
"49,9","0,8","E","1300","254","3302","100"
"49,9","0,9","E","1300","254","3302","100"
"51,2","0,0","P","1300","178","2314","100"
"51,2","0,1","P","1300","178","2314","100"
"51,2","0,10","E","1300","250","3250","100"
"51,2","0,11","E","1300","250","3250","100"
"51,2","0,2","P","1300","178","2314","100"
"51,2","0,3","P","1300","178","2314","100"
"51,2","0,4","E","1300","251","3263","100"
"51,2","0,5","E","1300","251","3263","100"
"51,2","0,6","E","1300","251","3263","100"
"51,2","0,7","E","1300","251","3263","100"
"51,2","0,8","E","1300","250","3250","100"
"51,2","0,9","E","1300","250","3250","100"
"52,4","0,0","P","1300","161","2093","100"
"52,4","0,1","P","1300","161","2093","100"
"52,4","0,10","E","1300","233","3029","100"
"52,4","0,11","E","1300","233","3029","100"
"52,4","0,2","P","1300","161","2093","100"
"52,4","0,3","P","1300","161","2093","100"
"52,4","0,4","E","1300","230","2990","100"
"52,4","0,5","E","1300","230","2990","100"
"52,4","0,6","E","1300","230","2990","100"
"52,4","0,7","E","1300","230","2990","100"
"52,4","0,8","E","1300","233","3029","100"
"52,4","0,9","E","1300","233","3029","100"
"53,7","0,0","P","1300","172","2236","100"
"53,7","0,1","P","1300","172","2236","100"
"53,7","0,10","E","1300","243","3159","100"
"53,7","0,11","E","1300","243","3159","100"
"53,7","0,2","P","1300","172","2236","100"
"53,7","0,3","P","1300","172","2236","100"
"53,7","0,4","E","1300","243","3159","100"
"53,7","0,5","E","1300","243","3159","100"
"53,7","0,6","E","1300","243","3159","100"
"53,7","0,7","E","1300","243","3159","100"
"53,7","0,8","E","1300","243","3159","100"
"53,7","0,9","E","1300","243","3159","100"
"55","0,0","P","1300","172","2236","100"
"55","0,1","P","1300","172","2236","100"
"55","0,10","E","1300","243","3159","100"
"55","0,11","E","1300","243","3159","100"
"55","0,2","P","1300","172","2236","100"
"55","0,3","P","1300","172","2236","100"
"55","0,4","E","1300","242","3146","100"
"55","0,5","E","1300","242","3146","100"
"55","0,6","E","1300","242","3146","100"
"55","0,7","E","1300","242","3146","100"
"55","0,8","E","1300","243","3159","94"
"55","0,9","E","1300","243","3159","100"
"56,2","0,0","P","1300","167","2171","100"
"56,2","0,1","P","1300","167","2171","100"
"56,2","0,10","E","1300","239","3107","100"
"56,2","0,11","E","1300","239","3107","100"
"56,2","0,2","P","1300","167","2171","100"
"56,2","0,3","P","1300","167","2171","100"
"56,2","0,4","E","1300","234","3042","100"
"56,2","0,5","E","1300","234","3042","100"
"56,2","0,6","E","1300","234","3042","100"
"56,2","0,7","E","1300","234","3042","100"
"56,2","0,8","E","1300","239","3107","100"
"56,2","0,9","E","1300","239","3107","100"
"57,5","0,0","P","1300","170","2210","100"
"57,5","0,1","P","1300","170","2210","100"
"57,5","0,10","E","1300","243","3159","100"
"57,5","0,11","E","1300","243","3159","100"
"57,5","0,2","P","1300","170","2210","100"
"57,5","0,3","P","1300","170","2210","100"
"57,5","0,4","E","1300","243","3159","100"
"57,5","0,5","E","1300","243","3159","100"
"57,5","0,6","E","1300","243","3159","100"
"57,5","0,7","E","1300","243","3159","100"
"57,5","0,8","E","1300","243","3159","100"
"57,5","0,9","E","1300","243","3159","100"
"58,8","0,0","P","1300","176","2288","100"
"58,8","0,1","P","1300","176","2288","100"
"58,8","0,10","E","1300","250","3250","100"
"58,8","0,11","E","1300","250","3250","100"
"58,8","0,2","P","1300","176","2288","100"
"58,8","0,3","P","1300","176","2288","100"
"58,8","0,4","E","1300","250","3250","100"
"58,8","0,5","E","1300","250","3250","100"
"58,8","0,6","E","1300","250","3250","100"
"58,8","0,7","E","1300","250","3250","100"
"58,8","0,8","E","1300","250","3250","100"
"58,8","0,9","E","1300","250","3250","100"
"60,1","0,0","P","1300","177","2301","100"
"60,1","0,1","P","1300","177","2301","100"
"60,1","0,10","E","1300","243","3159","100"
"60,1","0,11","E","1300","243","3159","100"
"60,1","0,2","P","1300","178","2314","100"
"60,1","0,3","P","1300","178","2314","100"
"60,1","0,4","E","1300","243","3159","100"
"60,1","0,5","E","1300","243","3159","100"
"60,1","0,6","E","1300","243","3159","100"
"60,1","0,7","E","1300","243","3159","100"
"60,1","0,8","E","1300","243","3159","100"
"60,1","0,9","E","1300","243","3159","100"
"61,3","0,0","P","1300","175","2275","100"
"61,3","0,1","P","1300","175","2275","100"
"61,3","0,10","E","1300","241","3133","100"
"61,3","0,11","E","1300","241","3133","100"
"61,3","0,2","P","1300","175","2275","100"
"61,3","0,3","P","1300","175","2275","100"
"61,3","0,4","E","1300","238","3094","100"
"61,3","0,5","E","1300","238","3094","100"
"61,3","0,6","E","1300","238","3094","100"
"61,3","0,7","E","1300","238","3094","100"
"61,3","0,8","E","1300","241","3133","100"
"61,3","0,9","E","1300","241","3133","100"
"62,6","0,0","P","1300","171","2223","100"
"62,6","0,1","P","1300","171","2223","100"
"62,6","0,10","E","1300","241","3133","100"
"62,6","0,11","E","1300","241","3133","100"
"62,6","0,2","P","1300","172","2236","100"
"62,6","0,3","P","1300","172","2236","100"
"62,6","0,4","E","1300","242","3146","100"
"62,6","0,5","E","1300","242","3146","100"
"62,6","0,6","E","1300","242","3146","100"
"62,6","0,7","E","1300","242","3146","100"
"62,6","0,8","E","1300","241","3133","100"
"62,6","0,9","E","1300","241","3133","100"
"63,9","0,0","P","1300","171","2223","100"
"63,9","0,1","P","1300","171","2223","100"
"63,9","0,10","E","1300","241","3133","100"
"63,9","0,11","E","1300","241","3133","100"
"63,9","0,2","P","1300","171","2223","100"
"63,9","0,3","P","1300","171","2223","100"
"63,9","0,4","E","1300","242","3146","100"
"63,9","0,5","E","1300","242","3146","100"
"63,9","0,6","E","1300","242","3146","100"
"63,9","0,7","E","1300","242","3146","100"
"63,9","0,8","E","1300","240","3120","100"
"63,9","0,9","E","1300","241","3133","100"
"65,2","0,0","P","1300","175","2275","100"
"65,2","0,1","P","1300","175","2275","100"
"65,2","0,10","E","1300","246","3198","100"
"65,2","0,11","E","1300","246","3198","100"
"65,2","0,2","P","1300","175","2275","100"
"65,2","0,3","P","1300","175","2275","100"
"65,2","0,4","E","1300","247","3211","100"
"65,2","0,5","E","1300","247","3211","100"
"65,2","0,6","E","1300","247","3211","100"
"65,2","0,7","E","1300","247","3211","100"
"65,2","0,8","E","1300","246","3198","100"
"65,2","0,9","E","1300","246","3198","100"
"66,4","0,0","P","1300","176","2288","100"
"66,4","0,1","P","1300","176","2288","100"
"66,4","0,10","E","1300","243","3159","100"
"66,4","0,11","E","1300","243","3159","100"
"66,4","0,2","P","1300","176","2288","100"
"66,4","0,3","P","1300","176","2288","100"
"66,4","0,4","E","1300","242","3146","100"
"66,4","0,5","E","1300","242","3146","100"
"66,4","0,6","E","1300","242","3146","100"
"66,4","0,7","E","1300","242","3146","100"
"66,4","0,8","E","1300","243","3159","100"
"66,4","0,9","E","1300","243","3159","100"
"67,7","0,0","P","1300","177","2301","100"
"67,7","0,1","P","1300","177","2301","100"
"67,7","0,10","E","1300","245","3185","100"
"67,7","0,11","E","1300","245","3185","100"
"67,7","0,2","P","1300","177","2301","100"
"67,7","0,3","P","1300","177","2301","100"
"67,7","0,4","E","1300","248","3224","100"
"67,7","0,5","E","1300","248","3224","100"
"67,7","0,6","E","1300","248","3224","100"
"67,7","0,7","E","1300","248","3224","100"
"67,7","0,8","E","1300","245","3185","100"
"67,7","0,9","E","1300","245","3185","100"
"69","0,0","P","1300","166","2158","100"
"69","0,1","P","1300","166","2158","100"
"69","0,10","E","1300","237","3081","100"
"69","0,11","E","1300","237","3081","100"
"69","0,2","P","1300","166","2158","100"
"69","0,3","P","1300","166","2158","100"
"69","0,4","E","1300","234","3042","100"
"69","0,5","E","1300","234","3042","100"
"69","0,6","E","1300","234","3042","100"
"69","0,7","E","1300","234","3042","100"
"69","0,8","E","1300","237","3081","100"
"69","0,9","E","1300","237","3081","100"
"70,2","0,0","P","1300","168","2184","100"
"70,2","0,1","P","1300","168","2184","100"
"70,2","0,10","E","1300","238","3094","100"
"70,2","0,11","E","1300","238","3094","100"
"70,2","0,2","P","1300","168","2184","100"
"70,2","0,3","P","1300","168","2184","100"
"70,2","0,4","E","1300","237","3081","100"
"70,2","0,5","E","1300","237","3081","100"
"70,2","0,6","E","1300","237","3081","100"
"70,2","0,7","E","1300","237","3081","100"
"70,2","0,8","E","1300","238","3094","100"
"70,2","0,9","E","1300","238","3094","100"
"71,5","0,0","P","1300","169","2197","100"
"71,5","0,1","P","1300","169","2197","100"
"71,5","0,10","E","1300","237","3081","100"
"71,5","0,11","E","1300","237","3081","100"
"71,5","0,2","P","1300","169","2197","100"
"71,5","0,3","P","1300","169","2197","100"
"71,5","0,4","E","1300","239","3107","100"
"71,5","0,5","E","1300","239","3107","100"
"71,5","0,6","E","1300","239","3107","100"
"71,5","0,7","E","1300","239","3107","100"
"71,5","0,8","E","1300","237","3081","100"
"71,5","0,9","E","1300","237","3081","100"
"72,8","0,0","P","1300","171","2223","100"
"72,8","0,1","P","1300","171","2223","100"
"72,8","0,10","E","1300","241","3133","100"
"72,8","0,11","E","1300","241","3133","100"
"72,8","0,2","P","1300","171","2223","100"
"72,8","0,3","P","1300","171","2223","100"
"72,8","0,4","E","1300","241","3133","100"
"72,8","0,5","E","1300","241","3133","100"
"72,8","0,6","E","1300","241","3133","100"
"72,8","0,7","E","1300","241","3133","100"
"72,8","0,8","E","1300","241","3133","100"
"72,8","0,9","E","1300","241","3133","100"
"74","0,0","P","1300","173","2249","100"
"74","0,1","P","1300","173","2249","100"
"74","0,10","E","1300","242","3146","100"
"74","0,11","E","1300","242","3146","100"
"74","0,2","P","1300","173","2249","100"
"74","0,3","P","1300","173","2249","100"
"74","0,4","E","1300","244","3172","100"
"74","0,5","E","1300","244","3172","100"
"74","0,6","E","1300","244","3172","100"
"74","0,7","E","1300","244","3172","100"
"74","0,8","E","1300","242","3146","100"
"74","0,9","E","1300","242","3146","100"
"75,3","0,0","P","1300","177","2301","100"
"75,3","0,1","P","1300","177","2301","100"
"75,3","0,10","E","1300","243","3159","100"
"75,3","0,11","E","1300","243","3159","100"
"75,3","0,2","P","1300","177","2301","100"
"75,3","0,3","P","1300","177","2301","100"
"75,3","0,4","E","1300","243","3159","100"
"75,3","0,5","E","1300","243","3159","100"
"75,3","0,6","E","1300","243","3159","100"
"75,3","0,7","E","1300","243","3159","100"
"75,3","0,8","E","1300","243","3159","100"
"75,3","0,9","E","1300","243","3159","100"
"76,6","0,0","P","1300","171","2223","100"
"76,6","0,1","P","1300","171","2223","100"
"76,6","0,10","E","1300","242","3146","100"
"76,6","0,11","E","1300","242","3146","100"
"76,6","0,2","P","1300","171","2223","100"
"76,6","0,3","P","1300","171","2223","100"
"76,6","0,4","E","1300","243","3159","100"
"76,6","0,5","E","1300","243","3159","100"
"76,6","0,6","E","1300","243","3159","100"
"76,6","0,7","E","1300","243","3159","100"
"76,6","0,8","E","1300","242","3146","100"
"76,6","0,9","E","1300","242","3146","100"
"77,9","0,0","P","1300","172","2236","100"
"77,9","0,1","P","1300","172","2236","100"
"77,9","0,10","E","1300","242","3146","100"
"77,9","0,11","E","1300","242","3146","100"
"77,9","0,2","P","1300","172","2236","100"
"77,9","0,3","P","1300","172","2236","100"
"77,9","0,4","E","1300","244","3172","100"
"77,9","0,5","E","1300","244","3172","100"
"77,9","0,6","E","1300","244","3172","100"
"77,9","0,7","E","1300","244","3172","100"
"77,9","0,8","E","1300","242","3146","100"
"77,9","0,9","E","1300","242","3146","100"
"79,1","0,0","P","1300","176","2288","100"
"79,1","0,1","P","1300","176","2288","100"
"79,1","0,10","E","1300","243","3159","100"
"79,1","0,11","E","1300","243","3159","100"
"79,1","0,2","P","1300","176","2288","100"
"79,1","0,3","P","1300","176","2288","100"
"79,1","0,4","E","1300","243","3159","100"
"79,1","0,5","E","1300","243","3159","100"
"79,1","0,6","E","1300","243","3159","100"
"79,1","0,7","E","1300","243","3159","100"
"79,1","0,8","E","1300","243","3159","100"
"79,1","0,9","E","1300","243","3159","100"
"80,4","0,0","P","1300","170","2210","100"
"80,4","0,1","P","1300","170","2210","100"
"80,4","0,10","E","1300","243","3159","100"
"80,4","0,11","E","1300","243","3159","100"
"80,4","0,2","P","1300","170","2210","100"
"80,4","0,3","P","1300","170","2210","100"
"80,4","0,4","E","1300","233","3029","100"
"80,4","0,5","E","1300","233","3029","100"
"80,4","0,6","E","1300","233","3029","100"
"80,4","0,7","E","1300","233","3029","100"
"80,4","0,8","E","1300","243","3159","100"
"80,4","0,9","E","1300","243","3159","100"
"81,7","0,0","P","1300","172","2236","100"
"81,7","0,1","P","1300","172","2236","100"
"81,7","0,10","E","1300","232","3016","100"
"81,7","0,11","E","1300","232","3016","100"
"81,7","0,2","P","1300","172","2236","100"
"81,7","0,3","P","1300","172","2236","100"
"81,7","0,4","E","1300","239","3107","100"
"81,7","0,5","E","1300","239","3107","100"
"81,7","0,6","E","1300","239","3107","100"
"81,7","0,7","E","1300","239","3107","100"
"81,7","0,8","E","1300","232","3016","100"
"81,7","0,9","E","1300","232","3016","100"
"82,9","0,0","P","1300","173","2249","100"
"82,9","0,1","P","1300","173","2249","100"
"82,9","0,10","E","1300","241","3133","100"
"82,9","0,11","E","1300","241","3133","100"
"82,9","0,2","P","1300","173","2249","100"
"82,9","0,3","P","1300","173","2249","100"
"82,9","0,4","E","1300","243","3159","100"
"82,9","0,5","E","1300","243","3159","100"
"82,9","0,6","E","1300","243","3159","100"
"82,9","0,7","E","1300","243","3159","100"
"82,9","0,8","E","1300","241","3133","100"
"82,9","0,9","E","1300","241","3133","100"
"84,2","0,0","P","1300","176","2288","100"
"84,2","0,1","P","1300","176","2288","100"
"84,2","0,10","E","1300","241","3133","100"
"84,2","0,11","E","1300","241","3133","100"
"84,2","0,2","P","1300","176","2288","100"
"84,2","0,3","P","1300","176","2288","100"
"84,2","0,4","E","1300","243","3159","100"
"84,2","0,5","E","1300","243","3159","100"
"84,2","0,6","E","1300","243","3159","100"
"84,2","0,7","E","1300","243","3159","100"
"84,2","0,8","E","1300","241","3133","100"
"84,2","0,9","E","1300","241","3133","100"
"85,5","0,0","P","1300","170","2210","100"
"85,5","0,1","P","1300","170","2210","100"
"85,5","0,10","E","1300","242","3146","100"
"85,5","0,11","E","1300","242","3146","100"
"85,5","0,2","P","1300","170","2210","100"
"85,5","0,3","P","1300","170","2210","100"
"85,5","0,4","E","1300","241","3133","100"
"85,5","0,5","E","1300","241","3133","100"
"85,5","0,6","E","1300","241","3133","100"
"85,5","0,7","E","1300","241","3133","100"
"85,5","0,8","E","1300","242","3146","100"
"85,5","0,9","E","1300","242","3146","100"
"86,7","0,0","P","1300","171","2223","100"
"86,7","0,1","P","1300","171","2223","100"
"86,7","0,10","E","1300","242","3146","100"
"86,7","0,11","E","1300","242","3146","100"
"86,7","0,2","P","1300","171","2223","100"
"86,7","0,3","P","1300","171","2223","100"
"86,7","0,4","E","1300","242","3146","100"
"86,7","0,5","E","1300","242","3146","100"
"86,7","0,6","E","1300","243","3159","100"
"86,7","0,7","E","1300","242","3146","100"
"86,7","0,8","E","1300","242","3146","100"
"86,7","0,9","E","1300","242","3146","100"
"88","0,0","P","1300","172","2236","100"
"88","0,1","P","1300","172","2236","100"
"88","0,10","E","1300","244","3172","100"
"88","0,11","E","1300","244","3172","100"
"88","0,2","P","1300","172","2236","100"
"88","0,3","P","1300","172","2236","100"
"88","0,4","E","1300","244","3172","100"
"88","0,5","E","1300","244","3172","100"
"88","0,6","E","1300","244","3172","100"
"88","0,7","E","1300","244","3172","100"
"88","0,8","E","1300","244","3172","100"
"88","0,9","E","1300","244","3172","100"
"89,3","0,0","P","1300","174","2262","100"
"89,3","0,1","P","1300","174","2262","100"
"89,3","0,10","E","1300","243","3159","100"
"89,3","0,11","E","1300","243","3159","100"
"89,3","0,2","P","1300","174","2262","100"
"89,3","0,3","P","1300","174","2262","100"
"89,3","0,4","E","1300","243","3159","100"
"89,3","0,5","E","1300","243","3159","100"
"89,3","0,6","E","1300","243","3159","100"
"89,3","0,7","E","1300","243","3159","100"
"89,3","0,8","E","1300","243","3159","100"
"89,3","0,9","E","1300","243","3159","100"
"90,6","0,0","P","1300","176","2288","100"
"90,6","0,1","P","1300","176","2288","100"
"90,6","0,10","E","1300","241","3133","100"
"90,6","0,11","E","1300","241","3133","100"
"90,6","0,2","P","1300","176","2288","100"
"90,6","0,3","P","1300","176","2288","100"
"90,6","0,4","E","1300","241","3133","100"
"90,6","0,5","E","1300","241","3133","100"
"90,6","0,6","E","1300","241","3133","100"
"90,6","0,7","E","1300","241","3133","100"
"90,6","0,8","E","1300","241","3133","100"
"90,6","0,9","E","1300","241","3133","100"
"91,9","0,0","P","1300","172","2236","100"
"91,9","0,1","P","1300","172","2236","100"
"91,9","0,10","E","1300","241","3133","100"
"91,9","0,11","E","1300","241","3133","100"
"91,9","0,2","P","1300","172","2236","100"
"91,9","0,3","P","1300","172","2236","100"
"91,9","0,4","E","1300","241","3133","100"
"91,9","0,5","E","1300","241","3133","100"
"91,9","0,6","E","1300","241","3133","100"
"91,9","0,7","E","1300","241","3133","100"
"91,9","0,8","E","1300","241","3133","100"
"91,9","0,9","E","1300","241","3133","100"
"93,1","0,0","P","1300","164","2132","100"
"93,1","0,1","P","1300","164","2132","100"
"93,1","0,10","E","1300","235","3055","100"
"93,1","0,11","E","1300","235","3055","100"
"93,1","0,2","P","1300","164","2132","100"
"93,1","0,3","P","1300","164","2132","100"
"93,1","0,4","E","1300","230","2990","100"
"93,1","0,5","E","1300","230","2990","100"
"93,1","0,6","E","1300","230","2990","100"
"93,1","0,7","E","1300","230","2990","100"
"93,1","0,8","E","1300","235","3055","100"
"93,1","0,9","E","1300","235","3055","100"
"94,4","0,0","P","1300","169","2197","100"
"94,4","0,1","P","1300","169","2197","100"
"94,4","0,10","E","1300","238","3094","100"
"94,4","0,11","E","1300","238","3094","100"
"94,4","0,2","P","1300","169","2197","100"
"94,4","0,3","P","1300","169","2197","100"
"94,4","0,4","E","1300","229","2977","100"
"94,4","0,5","E","1300","229","2977","100"
"94,4","0,6","E","1300","229","2977","100"
"94,4","0,7","E","1300","229","2977","100"
"94,4","0,8","E","1300","238","3094","100"
"94,4","0,9","E","1300","238","3094","100"
"95,7","0,0","P","1300","170","2210","100"
"95,7","0,1","P","1300","170","2210","100"
"95,7","0,10","E","1300","241","3133","100"
"95,7","0,11","E","1300","241","3133","100"
"95,7","0,2","P","1300","170","2210","100"
"95,7","0,3","P","1300","170","2210","100"
"95,7","0,4","E","1300","239","3107","100"
"95,7","0,5","E","1300","239","3107","100"
"95,7","0,6","E","1300","239","3107","100"
"95,7","0,7","E","1300","239","3107","100"
"95,7","0,8","E","1300","241","3133","100"
"95,7","0,9","E","1300","241","3133","100"
"97","0,0","P","1300","174","2262","100"
"97","0,1","P","1300","174","2262","100"
"97","0,10","E","1300","243","3159","100"
"97","0,11","E","1300","243","3159","100"
"97","0,2","P","1300","174","2262","100"
"97","0,3","P","1300","174","2262","100"
"97","0,4","E","1300","244","3172","100"
"97","0,5","E","1300","244","3172","100"
"97","0,6","E","1300","244","3172","100"
"97","0,7","E","1300","244","3172","100"
"97","0,8","E","1300","243","3159","100"
"97","0,9","E","1300","243","3159","100"
"98,3","0,0","P","1300","176","2288","100"
"98,3","0,1","P","1300","176","2288","100"
"98,3","0,10","E","1300","242","3146","100"
"98,3","0,11","E","1300","242","3146","100"
"98,3","0,2","P","1300","176","2288","100"
"98,3","0,3","P","1300","176","2288","100"
"98,3","0,4","E","1300","243","3159","100"
"98,3","0,5","E","1300","243","3159","100"
"98,3","0,6","E","1300","243","3159","100"
"98,3","0,7","E","1300","243","3159","100"
"98,3","0,8","E","1300","242","3146","100"
"98,3","0,9","E","1300","242","3146","100"
"99,5","0,0","P","1300","170","2210","100"
"99,5","0,1","P","1300","170","2210","100"
"99,5","0,10","E","1300","242","3146","100"
"99,5","0,11","E","1300","242","3146","100"
"99,5","0,2","P","1300","170","2210","100"
"99,5","0,3","P","1300","170","2210","100"
"99,5","0,4","E","1300","244","3172","100"
"99,5","0,5","E","1300","244","3172","100"
"99,5","0,6","E","1300","244","3172","100"
"99,5","0,7","E","1300","244","3172","100"
"99,5","0,8","E","1300","242","3146","100"
"99,5","0,9","E","1300","242","3146","100"
"100,8","0,0","P","1300","174","2262","100"
"100,8","0,1","P","1300","174","2262","100"
"100,8","0,10","E","1300","243","3159","100"
"100,8","0,11","E","1300","243","3159","100"
"100,8","0,2","P","1300","174","2262","100"
"100,8","0,3","P","1300","174","2262","100"
"100,8","0,4","E","1300","238","3094","100"
"100,8","0,5","E","1300","238","3094","100"
"100,8","0,6","E","1300","238","3094","100"
"100,8","0,7","E","1300","238","3094","100"
"100,8","0,8","E","1300","243","3159","100"
"100,8","0,9","E","1300","243","3159","100"
"102,1","0,0","P","1300","174","2262","100"
"102,1","0,1","P","1300","174","2262","100"
"102,1","0,10","E","1300","243","3159","100"
"102,1","0,11","E","1300","243","3159","100"
"102,1","0,2","P","1300","175","2275","100"
"102,1","0,3","P","1300","175","2275","100"
"102,1","0,4","E","1300","243","3159","100"
"102,1","0,5","E","1300","243","3159","100"
"102,1","0,6","E","1300","243","3159","100"
"102,1","0,7","E","1300","243","3159","100"
"102,1","0,8","E","1300","243","3159","100"
"102,1","0,9","E","1300","243","3159","100"
"103,4","0,0","P","1300","176","2288","100"
"103,4","0,1","P","1300","176","2288","100"
"103,4","0,10","E","1300","247","3211","100"
"103,4","0,11","E","1300","247","3211","100"
"103,4","0,2","P","1300","176","2288","100"
"103,4","0,3","P","1300","176","2288","100"
"103,4","0,4","E","1300","247","3211","100"
"103,4","0,5","E","1300","247","3211","100"
"103,4","0,6","E","1300","247","3211","100"
"103,4","0,7","E","1300","247","3211","100"
"103,4","0,8","E","1300","247","3211","100"
"103,4","0,9","E","1300","247","3211","100"
"104,6","0,0","P","1300","173","2249","100"
"104,6","0,1","P","1300","173","2249","100"
"104,6","0,10","E","1300","241","3133","100"
"104,6","0,11","E","1300","241","3133","100"
"104,6","0,2","P","1300","173","2249","100"
"104,6","0,3","P","1300","173","2249","100"
"104,6","0,4","E","1300","242","3146","100"
"104,6","0,5","E","1300","242","3146","100"
"104,6","0,6","E","1300","242","3146","100"
"104,6","0,7","E","1300","242","3146","100"
"104,6","0,8","E","1300","241","3133","100"
"104,6","0,9","E","1300","241","3133","100"
"105,9","0,0","P","1300","180","2340","100"
"105,9","0,1","P","1300","180","2340","100"
"105,9","0,10","E","1300","251","3263","100"
"105,9","0,11","E","1300","251","3263","100"
"105,9","0,2","P","1300","180","2340","100"
"105,9","0,3","P","1300","180","2340","100"
"105,9","0,4","E","1300","243","3159","100"
"105,9","0,5","E","1300","243","3159","100"
"105,9","0,6","E","1300","243","3159","100"
"105,9","0,7","E","1300","243","3159","100"
"105,9","0,8","E","1300","251","3263","100"
"105,9","0,9","E","1300","251","3263","100"
"107,2","0,0","P","1300","173","2249","100"
"107,2","0,1","P","1300","173","2249","100"
"107,2","0,10","E","1300","244","3172","100"
"107,2","0,11","E","1300","244","3172","100"
"107,2","0,2","P","1300","173","2249","100"
"107,2","0,3","P","1300","173","2249","100"
"107,2","0,4","E","1300","243","3159","100"
"107,2","0,5","E","1300","243","3159","100"
"107,2","0,6","E","1300","243","3159","100"
"107,2","0,7","E","1300","243","3159","100"
"107,2","0,8","E","1300","244","3172","100"
"107,2","0,9","E","1300","244","3172","100"
"108,4","0,0","P","1300","176","2288","100"
"108,4","0,1","P","1300","176","2288","100"
"108,4","0,10","E","1300","243","3159","100"
"108,4","0,11","E","1300","243","3159","100"
"108,4","0,2","P","1300","176","2288","100"
"108,4","0,3","P","1300","176","2288","100"
"108,4","0,4","E","1300","242","3146","100"
"108,4","0,5","E","1300","242","3146","100"
"108,4","0,6","E","1300","242","3146","100"
"108,4","0,7","E","1300","242","3146","100"
"108,4","0,8","E","1300","243","3159","100"
"108,4","0,9","E","1300","243","3159","100"
"109,7","0,0","P","1300","176","2288","100"
"109,7","0,1","P","1300","176","2288","100"
"109,7","0,10","E","1300","241","3133","100"
"109,7","0,11","E","1300","241","3133","100"
"109,7","0,2","P","1300","176","2288","100"
"109,7","0,3","P","1300","176","2288","100"
"109,7","0,4","E","1300","241","3133","100"
"109,7","0,5","E","1300","241","3133","100"
"109,7","0,6","E","1300","241","3133","100"
"109,7","0,7","E","1300","241","3133","100"
"109,7","0,8","E","1300","241","3133","100"
"109,7","0,9","E","1300","241","3133","100"
"110,9","0,0","P","1300","174","2262","100"
"110,9","0,1","P","1300","174","2262","100"
"110,9","0,10","E","1300","240","3120","100"
"110,9","0,11","E","1300","240","3120","100"
"110,9","0,2","P","1300","174","2262","100"
"110,9","0,3","P","1300","174","2262","100"
"110,9","0,4","E","1300","241","3133","100"
"110,9","0,5","E","1300","241","3133","100"
"110,9","0,6","E","1300","241","3133","100"
"110,9","0,7","E","1300","241","3133","100"
"110,9","0,8","E","1300","240","3120","100"
"110,9","0,9","E","1300","240","3120","100"
"112,2","0,0","P","1300","176","2288","100"
"112,2","0,1","P","1300","176","2288","100"
"112,2","0,10","E","1300","246","3198","100"
"112,2","0,11","E","1300","246","3198","100"
"112,2","0,2","P","1300","176","2288","100"
"112,2","0,3","P","1300","176","2288","100"
"112,2","0,4","E","1300","246","3198","100"
"112,2","0,5","E","1300","246","3198","100"
"112,2","0,6","E","1300","246","3198","100"
"112,2","0,7","E","1300","246","3198","100"
"112,2","0,8","E","1300","246","3198","100"
"112,2","0,9","E","1300","246","3198","100"
"113,5","0,0","P","1300","170","2210","100"
"113,5","0,1","P","1300","170","2210","100"
"113,5","0,10","E","1300","239","3107","100"
"113,5","0,11","E","1300","239","3107","100"
"113,5","0,2","P","1300","170","2210","100"
"113,5","0,3","P","1300","170","2210","100"
"113,5","0,4","E","1300","242","3146","100"
"113,5","0,5","E","1300","242","3146","100"
"113,5","0,6","E","1300","242","3146","100"
"113,5","0,7","E","1300","242","3146","100"
"113,5","0,8","E","1300","239","3107","100"
"113,5","0,9","E","1300","239","3107","100"
"114,7","0,0","P","1300","177","2301","100"
"114,7","0,1","P","1300","177","2301","100"
"114,7","0,10","E","1300","241","3133","100"
"114,7","0,11","E","1300","241","3133","100"
"114,7","0,2","P","1300","177","2301","100"
"114,7","0,3","P","1300","177","2301","100"
"114,7","0,4","E","1300","241","3133","100"
"114,7","0,5","E","1300","241","3133","100"
"114,7","0,6","E","1300","241","3133","100"
"114,7","0,7","E","1300","241","3133","100"
"114,7","0,8","E","1300","241","3133","100"
"114,7","0,9","E","1300","241","3133","100"
"116","0,0","P","1300","178","2314","100"
"116","0,1","P","1300","178","2314","100"
"116","0,10","E","1300","245","3185","100"
"116","0,11","E","1300","245","3185","100"
"116","0,2","P","1300","179","2327","100"
"116","0,3","P","1300","179","2327","100"
"116","0,4","E","1300","247","3211","100"
"116","0,5","E","1300","247","3211","100"
"116","0,6","E","1300","247","3211","100"
"116","0,7","E","1300","247","3211","100"
"116","0,8","E","1300","245","3185","100"
"116","0,9","E","1300","245","3185","100"
"117,3","0,0","P","1300","172","2236","100"
"117,3","0,1","P","1300","172","2236","100"
"117,3","0,10","E","1300","239","3107","100"
"117,3","0,11","E","1300","239","3107","100"
"117,3","0,2","P","1300","172","2236","100"
"117,3","0,3","P","1300","172","2236","100"
"117,3","0,4","E","1300","240","3120","100"
"117,3","0,5","E","1300","240","3120","100"
"117,3","0,6","E","1300","240","3120","100"
"117,3","0,7","E","1300","240","3120","100"
"117,3","0,8","E","1300","239","3107","100"
"117,3","0,9","E","1300","239","3107","100"
"118,6","0,0","P","1300","169","2197","100"
"118,6","0,1","P","1300","169","2197","100"
"118,6","0,10","E","1300","238","3094","100"
"118,6","0,11","E","1300","238","3094","100"
"118,6","0,2","P","1300","169","2197","100"
"118,6","0,3","P","1300","169","2197","100"
"118,6","0,4","E","1300","235","3055","100"
"118,6","0,5","E","1300","235","3055","100"
"118,6","0,6","E","1300","235","3055","100"
"118,6","0,7","E","1300","235","3055","100"
"118,6","0,8","E","1300","238","3094","100"
"118,6","0,9","E","1300","238","3094","100"
"119,8","0,0","P","1300","174","2262","100"
"119,8","0,1","P","1300","174","2262","100"
"119,8","0,10","E","1300","241","3133","100"
"119,8","0,11","E","1300","241","3133","100"
"119,8","0,2","P","1300","174","2262","100"
"119,8","0,3","P","1300","174","2262","100"
"119,8","0,4","E","1300","241","3133","100"
"119,8","0,5","E","1300","241","3133","100"
"119,8","0,6","E","1300","241","3133","100"
"119,8","0,7","E","1300","241","3133","100"
"119,8","0,8","E","1300","241","3133","100"
"119,8","0,9","E","1300","241","3133","100"
"121,1","0,0","P","1300","173","2249","100"
"121,1","0,1","P","1300","173","2249","100"
"121,1","0,10","E","1300","242","3146","100"
"121,1","0,11","E","1300","242","3146","100"
"121,1","0,2","P","1300","174","2262","100"
"121,1","0,3","P","1300","174","2262","100"
"121,1","0,4","E","1300","242","3146","100"
"121,1","0,5","E","1300","242","3146","100"
"121,1","0,6","E","1300","242","3146","100"
"121,1","0,7","E","1300","242","3146","100"
"121,1","0,8","E","1300","242","3146","100"
"121,1","0,9","E","1300","242","3146","100"
"122,4","0,0","P","1300","174","2262","100"
"122,4","0,1","P","1300","174","2262","100"
"122,4","0,10","E","1300","242","3146","100"
"122,4","0,11","E","1300","242","3146","100"
"122,4","0,2","P","1300","175","2275","100"
"122,4","0,3","P","1300","175","2275","100"
"122,4","0,4","E","1300","243","3159","100"
"122,4","0,5","E","1300","243","3159","100"
"122,4","0,6","E","1300","243","3159","100"
"122,4","0,7","E","1300","243","3159","100"
"122,4","0,8","E","1300","242","3146","100"
"122,4","0,9","E","1300","242","3146","100"
"123,7","0,0","P","1300","173","2249","100"
"123,7","0,1","P","1300","173","2249","100"
"123,7","0,10","E","1300","243","3159","100"
"123,7","0,11","E","1300","243","3159","100"
"123,7","0,2","P","1300","173","2249","100"
"123,7","0,3","P","1300","173","2249","100"
"123,7","0,4","E","1300","242","3146","100"
"123,7","0,5","E","1300","242","3146","100"
"123,7","0,6","E","1300","242","3146","100"
"123,7","0,7","E","1300","242","3146","100"
"123,7","0,8","E","1300","243","3159","100"
"123,7","0,9","E","1300","243","3159","100"
"124,9","0,0","P","1300","174","2262","100"
"124,9","0,1","P","1300","174","2262","100"
"124,9","0,10","E","1300","242","3146","100"
"124,9","0,11","E","1300","242","3146","100"
"124,9","0,2","P","1300","174","2262","100"
"124,9","0,3","P","1300","174","2262","100"
"124,9","0,4","E","1300","242","3146","100"
"124,9","0,5","E","1300","242","3146","100"
"124,9","0,6","E","1300","242","3146","100"
"124,9","0,7","E","1300","242","3146","100"
"124,9","0,8","E","1300","242","3146","100"
"124,9","0,9","E","1300","242","3146","100"
"126,2","0,0","P","1300","173","2249","100"
"126,2","0,1","P","1300","173","2249","100"
"126,2","0,10","E","1300","240","3120","100"
"126,2","0,11","E","1300","240","3120","100"
"126,2","0,2","P","1300","173","2249","100"
"126,2","0,3","P","1300","173","2249","100"
"126,2","0,4","E","1300","241","3133","100"
"126,2","0,5","E","1300","241","3133","100"
"126,2","0,6","E","1300","241","3133","100"
"126,2","0,7","E","1300","241","3133","100"
"126,2","0,8","E","1300","240","3120","100"
"126,2","0,9","E","1300","240","3120","100"
"127,5","0,0","P","1300","169","2197","100"
"127,5","0,1","P","1300","169","2197","100"
"127,5","0,10","E","1300","239","3107","100"
"127,5","0,11","E","1300","239","3107","100"
"127,5","0,2","P","1300","168","2184","100"
"127,5","0,3","P","1300","168","2184","100"
"127,5","0,4","E","1300","236","3068","100"
"127,5","0,5","E","1300","236","3068","100"
"127,5","0,6","E","1300","236","3068","100"
"127,5","0,7","E","1300","236","3068","100"
"127,5","0,8","E","1300","239","3107","100"
"127,5","0,9","E","1300","239","3107","100"
"128,8","0,0","P","1300","172","2236","100"
"128,8","0,1","P","1300","172","2236","100"
"128,8","0,10","E","1300","242","3146","100"
"128,8","0,11","E","1300","242","3146","100"
"128,8","0,2","P","1300","172","2236","100"
"128,8","0,3","P","1300","172","2236","100"
"128,8","0,4","E","1300","235","3055","100"
"128,8","0,5","E","1300","235","3055","100"
"128,8","0,6","E","1300","235","3055","100"
"128,8","0,7","E","1300","235","3055","100"
"128,8","0,8","E","1300","242","3146","100"
"128,8","0,9","E","1300","242","3146","100"
"130,1","0,0","P","1300","173","2249","100"
"130,1","0,1","P","1300","173","2249","100"
"130,1","0,10","E","1300","240","3120","100"
"130,1","0,11","E","1300","240","3120","100"
"130,1","0,2","P","1300","173","2249","100"
"130,1","0,3","P","1300","173","2249","100"
"130,1","0,4","E","1300","241","3133","100"
"130,1","0,5","E","1300","241","3133","100"
"130,1","0,6","E","1300","241","3133","100"
"130,1","0,7","E","1300","241","3133","100"
"130,1","0,8","E","1300","240","3120","100"
"130,1","0,9","E","1300","240","3120","100"
"131,3","0,0","P","1300","172","2236","100"
"131,3","0,1","P","1300","172","2236","100"
"131,3","0,10","E","1300","241","3133","100"
"131,3","0,11","E","1300","241","3133","100"
"131,3","0,2","P","1300","171","2223","100"
"131,3","0,3","P","1300","171","2223","100"
"131,3","0,4","E","1300","242","3146","100"
"131,3","0,5","E","1300","242","3146","100"
"131,3","0,6","E","1300","242","3146","100"
"131,3","0,7","E","1300","242","3146","100"
"131,3","0,8","E","1300","241","3133","100"
"131,3","0,9","E","1300","241","3133","100"
"132,6","0,0","P","1300","173","2249","100"
"132,6","0,1","P","1300","173","2249","100"
"132,6","0,10","E","1300","242","3146","100"
"132,6","0,11","E","1300","242","3146","100"
"132,6","0,2","P","1300","173","2249","100"
"132,6","0,3","P","1300","173","2249","100"
"132,6","0,4","E","1300","242","3146","100"
"132,6","0,5","E","1300","242","3146","100"
"132,6","0,6","E","1300","242","3146","100"
"132,6","0,7","E","1300","242","3146","100"
"132,6","0,8","E","1300","242","3146","100"
"132,6","0,9","E","1300","242","3146","100"
"133,9","0,0","P","1300","173","2249","100"
"133,9","0,1","P","1300","173","2249","100"
"133,9","0,10","E","1300","242","3146","100"
"133,9","0,11","E","1300","242","3146","100"
"133,9","0,2","P","1300","173","2249","100"
"133,9","0,3","P","1300","173","2249","100"
"133,9","0,4","E","1300","242","3146","100"
"133,9","0,5","E","1300","242","3146","100"
"133,9","0,6","E","1300","242","3146","100"
"133,9","0,7","E","1300","242","3146","100"
"133,9","0,8","E","1300","242","3146","100"
"133,9","0,9","E","1300","242","3146","100"
"135,1","0,0","P","1300","171","2223","100"
"135,1","0,1","P","1300","171","2223","100"
"135,1","0,10","E","1300","243","3159","100"
"135,1","0,11","E","1300","243","3159","100"
"135,1","0,2","P","1300","171","2223","100"
"135,1","0,3","P","1300","171","2223","100"
"135,1","0,4","E","1300","241","3133","100"
"135,1","0,5","E","1300","241","3133","100"
"135,1","0,6","E","1300","241","3133","100"
"135,1","0,7","E","1300","241","3133","100"
"135,1","0,8","E","1300","243","3159","100"
"135,1","0,9","E","1300","243","3159","100"
"136,4","0,0","P","1300","177","2301","100"
"136,4","0,1","P","1300","177","2301","100"
"136,4","0,10","E","1300","241","3133","100"
"136,4","0,11","E","1300","241","3133","100"
"136,4","0,2","P","1300","177","2301","100"
"136,4","0,3","P","1300","177","2301","100"
"136,4","0,4","E","1300","243","3159","100"
"136,4","0,5","E","1300","243","3159","100"
"136,4","0,6","E","1300","243","3159","100"
"136,4","0,7","E","1300","243","3159","100"
"136,4","0,8","E","1300","241","3133","100"
"136,4","0,9","E","1300","241","3133","100"
"137,7","0,0","P","1300","170","2210","100"
"137,7","0,1","P","1300","170","2210","100"
"137,7","0,10","E","1300","242","3146","100"
"137,7","0,11","E","1300","242","3146","100"
"137,7","0,2","P","1300","170","2210","100"
"137,7","0,3","P","1300","170","2210","100"
"137,7","0,4","E","1300","241","3133","100"
"137,7","0,5","E","1300","241","3133","100"
"137,7","0,6","E","1300","241","3133","100"
"137,7","0,7","E","1300","241","3133","100"
"137,7","0,8","E","1300","242","3146","100"
"137,7","0,9","E","1300","242","3146","100"
"138,9","0,0","P","1300","168","2184","100"
"138,9","0,1","P","1300","168","2184","100"
"138,9","0,10","E","1300","242","3146","100"
"138,9","0,11","E","1300","242","3146","100"
"138,9","0,2","P","1300","171","2223","100"
"138,9","0,3","P","1300","171","2223","100"
"138,9","0,4","E","1300","242","3146","100"
"138,9","0,5","E","1300","242","3146","100"
"138,9","0,6","E","1300","242","3146","100"
"138,9","0,7","E","1300","242","3146","100"
"138,9","0,8","E","1300","242","3146","100"
"138,9","0,9","E","1300","242","3146","100"
"140,2","0,0","P","1300","173","2249","100"
"140,2","0,1","P","1300","173","2249","100"
"140,2","0,10","E","1300","241","3133","100"
"140,2","0,11","E","1300","241","3133","100"
"140,2","0,2","P","1300","173","2249","100"
"140,2","0,3","P","1300","173","2249","100"
"140,2","0,4","E","1300","243","3159","100"
"140,2","0,5","E","1300","243","3159","100"
"140,2","0,6","E","1300","243","3159","100"
"140,2","0,7","E","1300","243","3159","100"
"140,2","0,8","E","1300","241","3133","100"
"140,2","0,9","E","1300","241","3133","100"
"141,5","0,0","P","1300","175","2275","100"
"141,5","0,1","P","1300","175","2275","100"
"141,5","0,10","E","1300","242","3146","100"
"141,5","0,11","E","1300","242","3146","100"
"141,5","0,2","P","1300","175","2275","100"
"141,5","0,3","P","1300","175","2275","100"
"141,5","0,4","E","1300","242","3146","100"
"141,5","0,5","E","1300","242","3146","100"
"141,5","0,6","E","1300","242","3146","100"
"141,5","0,7","E","1300","242","3146","100"
"141,5","0,8","E","1300","242","3146","100"
"141,5","0,9","E","1300","242","3146","100"
"142,8","0,0","P","1300","173","2249","100"
"142,8","0,1","P","1300","173","2249","100"
"142,8","0,10","E","1300","242","3146","100"
"142,8","0,11","E","1300","242","3146","100"
"142,8","0,2","P","1300","173","2249","100"
"142,8","0,3","P","1300","173","2249","100"
"142,8","0,4","E","1300","243","3159","100"
"142,8","0,5","E","1300","243","3159","100"
"142,8","0,6","E","1300","243","3159","100"
"142,8","0,7","E","1300","243","3159","100"
"142,8","0,8","E","1300","242","3146","100"
"142,8","0,9","E","1300","242","3146","100"
"144","0,0","P","1300","176","2288","100"
"144","0,1","P","1300","176","2288","100"
"144","0,10","E","1300","243","3159","100"
"144","0,11","E","1300","243","3159","100"
"144","0,2","P","1300","176","2288","100"
"144","0,3","P","1300","176","2288","100"
"144","0,4","E","1300","243","3159","100"
"144","0,5","E","1300","243","3159","100"
"144","0,6","E","1300","243","3159","100"
"144","0,7","E","1300","243","3159","100"
"144","0,8","E","1300","243","3159","100"
"144","0,9","E","1300","243","3159","100"
"145,3","0,0","P","1300","185","2405","100"
"145,3","0,1","P","1300","185","2405","100"
"145,3","0,10","E","1300","262","3406","100"
"145,3","0,11","E","1300","262","3406","100"
"145,3","0,2","P","1300","185","2405","100"
"145,3","0,3","P","1300","185","2405","100"
"145,3","0,4","E","1300","256","3328","100"
"145,3","0,5","E","1300","256","3328","100"
"145,3","0,6","E","1300","256","3328","100"
"145,3","0,7","E","1300","256","3328","100"
"145,3","0,8","E","1300","262","3406","100"
"145,3","0,9","E","1300","262","3406","100"
"146,5","0,0","P","1300","184","2392","100"
"146,5","0,1","P","1300","184","2392","100"
"146,5","0,10","E","1300","255","3315","100"
"146,5","0,11","E","1300","255","3315","100"
"146,5","0,2","P","1300","184","2392","100"
"146,5","0,3","P","1300","184","2392","100"
"146,5","0,4","E","1300","255","3315","100"
"146,5","0,5","E","1300","255","3315","100"
"146,5","0,6","E","1300","255","3315","100"
"146,5","0,7","E","1300","255","3315","100"
"146,5","0,8","E","1300","255","3315","100"
"146,5","0,9","E","1300","255","3315","100"
"147,9","0,0","P","1300","235","3055","100"
"147,9","0,1","P","1300","235","3055","100"
"147,9","0,10","E","1300","297","3861","100"
"147,9","0,11","E","1300","297","3861","100"
"147,9","0,2","P","1300","235","3055","100"
"147,9","0,3","P","1300","235","3055","100"
"147,9","0,4","E","1300","297","3861","100"
"147,9","0,5","E","1300","297","3861","100"
"147,9","0,6","E","1300","297","3861","100"
"147,9","0,7","E","1300","297","3861","100"
"147,9","0,8","E","1300","297","3861","100"
"147,9","0,9","E","1300","297","3861","100"
